{
  "objects": [
    {
      "id": "ball_1",
      "type": "ball",
      "initial_state": {
        "position": [
          0.153015439297813,
          -1.1275265420152059e-13,
          0.09996464891746634
        ],
        "velocity": [
          2.2577123937166544e-05,
          -1.8190691551023878e-17,
          4.628936123296512e-14
        ],
        "mass": 1.0,
        "orientation": [
          4.877658113817056e-13,
          0.6458329202345674,
          8.129762569139108e-14,
          0.7634787745191681
        ]
      }
    },
    {
      "id": "ball_2",
      "type": "ball",
      "initial_state": {
        "position": [
          -1.826107905275281,
          1.0929644831601929e-13,
          0.09996464275341818
        ],
        "velocity": [
          -1.7970269449573955,
          -6.763616971642644e-14,
          1.2864114978111685e-07
        ],
        "mass": 1.0,
        "orientation": [
          7.490990523941371e-14,
          0.9542344194257626,
          -2.838117288051334e-14,
          -0.2990596475340293
        ]
      }
    }
  ],
  "environment": {
    "gravity": [
      0.0,
      0.0,
      -9.81
    ],
    "wind": {
      "direction": [
        -1.0,
        0.0,
        0.0
      ],
      "strength": 30.0
    },
    "time_step": 0.01,
    "duration": 5.0,
    "temperature": 298.0,
    "pressure": 101325.0,
    "air_density": 1.225,
    "drag_coefficient": 0.47,
    "humidity": 0.5
  }
}